{"minzoom":0,"maxzoom":8,"center":[23.203125,42.550931,8.0],"bounds":[22.358335,41.236065,28.60569,44.21542]}