{"minzoom":0,"maxzoom":9,"center":[23.554688,42.810984,9.0],"bounds":[22.358335,41.236065,28.60569,44.21542]}